1,user_0,12483170080,95547,1963-09-17,0,广西壮族自治区百色市田阳县,12483170080,5187521061@163.com,avatar/0.img,1,Thu Aug 20 00:00:00 CST 2020,1,Tue Feb 20 00:00:00 CST 2024,Wed Feb 28 00:00:00 CST 2024
2,user_1,5264383722@163.com,786607,1943-03-24,1,浙江省丽水市龙泉市,16149156750,5264383722@163.com,avatar/1.img,0,Thu Aug 20 00:00:00 CST 2020,1,Tue Feb 20 00:00:00 CST 2024,Wed Feb 28 00:00:00 CST 2024
3,user_2,18398510437,419391,1907-10-26,0,甘肃省天水市张家川回族自治县,18398510437,9092333618@163.com,avatar/2.img,0,Thu Aug 20 00:00:00 CST 2020,0,Tue Feb 20 00:00:00 CST 2024,Wed Feb 28 00:00:00 CST 2024
4,user_3,6045068725@gmail.com,790142,2008-01-13,0,澳门特别行政区,14414363082,6045068725@gmail.com,avatar/3.img,0,Thu Aug 20 00:00:00 CST 2020,0,Tue Feb 20 00:00:00 CST 2024,Wed Feb 28 00:00:00 CST 2024
5,user_4,18581893283,454384,1939-09-19,0,西藏自治区山南地区措美县,18581893283,3552055361@qq.com,avatar/4.img,0,Thu Aug 20 00:00:00 CST 2020,0,Tue Feb 20 00:00:00 CST 2024,Wed Feb 28 00:00:00 CST 2024
6,user_5,13135170039,278651,2001-02-27,1,河南省濮阳市华龙区,13135170039,4594785268@qq.com,avatar/5.img,0,Thu Aug 20 00:00:00 CST 2020,0,Tue Feb 20 00:00:00 CST 2024,Wed Feb 28 00:00:00 CST 2024
7,user_6,13017903253,407757,1958-07-01,1,天津市县宁河县,13017903253,2982959144@163.com,avatar/6.img,0,Thu Aug 20 00:00:00 CST 2020,0,Tue Feb 20 00:00:00 CST 2024,Wed Feb 28 00:00:00 CST 2024
8,user_7,14232554587,21251,2017-03-02,0,安徽省六安市裕安区,14232554587,4573075213@qq.com,avatar/7.img,1,Thu Aug 20 00:00:00 CST 2020,0,Tue Feb 20 00:00:00 CST 2024,Wed Feb 28 00:00:00 CST 2024
9,user_8,1496675895@qq.com,240161,1989-08-01,0,青海省海东地区循化撒拉族自治县,15329617184,1496675895@qq.com,avatar/8.img,1,Thu Aug 20 00:00:00 CST 2020,0,Tue Feb 20 00:00:00 CST 2024,Wed Feb 28 00:00:00 CST 2024
10,user_9,16871910723,644851,1974-07-13,0,重庆市市辖区江北区,16871910723,2324042942@gmail.com,avatar/9.img,0,Thu Aug 20 00:00:00 CST 2020,1,Tue Feb 20 00:00:00 CST 2024,Wed Feb 28 00:00:00 CST 2024
11,user_10,1475689582@gmail.com,876162,1942-06-08,1,湖北省黄石市下陆区,12573584399,1475689582@gmail.com,avatar/10.img,0,Thu Aug 20 00:00:00 CST 2020,0,Tue Feb 20 00:00:00 CST 2024,Wed Feb 28 00:00:00 CST 2024
12,user_11,8995451774@qq.com,452360,1955-07-03,1,安徽省亳州市市辖区,15386316326,8995451774@qq.com,avatar/11.img,1,Thu Aug 20 00:00:00 CST 2020,0,Tue Feb 20 00:00:00 CST 2024,Wed Feb 28 00:00:00 CST 2024
13,user_12,5148744637@gmail.com,385579,1911-07-04,1,内蒙古自治区巴彦淖尔市临河区,15047284979,5148744637@gmail.com,avatar/12.img,0,Thu Aug 20 00:00:00 CST 2020,0,Tue Feb 20 00:00:00 CST 2024,Wed Feb 28 00:00:00 CST 2024
14,user_13,17567646591,899192,1933-09-20,0,福建省宁德市寿宁县,17567646591,1348068029@gmail.com,avatar/13.img,0,Thu Aug 20 00:00:00 CST 2020,0,Tue Feb 20 00:00:00 CST 2024,Wed Feb 28 00:00:00 CST 2024
15,user_14,14223610701,378372,2015-11-02,0,黑龙江省绥化市兰西县,14223610701,9990198546@qq.com,avatar/14.img,0,Thu Aug 20 00:00:00 CST 2020,0,Tue Feb 20 00:00:00 CST 2024,Wed Feb 28 00:00:00 CST 2024
16,user_15,11384907960,149787,2008-04-07,0,贵州省六盘水市水城县,11384907960,8540647985@gmail.com,avatar/15.img,0,Thu Aug 20 00:00:00 CST 2020,0,Tue Feb 20 00:00:00 CST 2024,Wed Feb 28 00:00:00 CST 2024
17,user_16,11353085605,503656,1995-10-09,0,河北省秦皇岛市青龙满族自治县,11353085605,6652935321@qq.com,avatar/16.img,1,Thu Aug 20 00:00:00 CST 2020,1,Tue Feb 20 00:00:00 CST 2024,Wed Feb 28 00:00:00 CST 2024
18,user_17,9005778354@qq.com,296612,1927-09-19,1,山西省长治市平顺县,10012763596,9005778354@qq.com,avatar/17.img,1,Thu Aug 20 00:00:00 CST 2020,0,Tue Feb 20 00:00:00 CST 2024,Wed Feb 28 00:00:00 CST 2024
19,user_18,19898484192,306212,1927-01-26,1,甘肃省陇南市康　县,19898484192,1192972647@163.com,avatar/18.img,1,Thu Aug 20 00:00:00 CST 2020,1,Tue Feb 20 00:00:00 CST 2024,Wed Feb 28 00:00:00 CST 2024
20,user_19,16126487437,489786,1986-01-02,0,吉林省吉林市市辖区,16126487437,2130065012@gmail.com,avatar/19.img,1,Thu Aug 20 00:00:00 CST 2020,1,Tue Feb 20 00:00:00 CST 2024,Wed Feb 28 00:00:00 CST 2024
21,user_20,12598452149,41327,1986-06-14,1,台湾省,12598452149,2388492217@qq.com,avatar/20.img,0,Thu Aug 20 00:00:00 CST 2020,1,Tue Feb 20 00:00:00 CST 2024,Wed Feb 28 00:00:00 CST 2024
22,user_21,14044743471,99916,1934-11-17,0,上海市市辖区嘉定区,14044743471,8082251632@163.com,avatar/21.img,0,Thu Aug 20 00:00:00 CST 2020,1,Tue Feb 20 00:00:00 CST 2024,Wed Feb 28 00:00:00 CST 2024
23,user_22,19481545148,207676,1906-01-09,1,湖南省娄底市涟源市,19481545148,8159561854@163.com,avatar/22.img,1,Thu Aug 20 00:00:00 CST 2020,1,Tue Feb 20 00:00:00 CST 2024,Wed Feb 28 00:00:00 CST 2024
24,user_23,5302061704@gmail.com,965169,1970-08-11,1,江苏省常州市溧阳市,19906610140,5302061704@gmail.com,avatar/23.img,1,Thu Aug 20 00:00:00 CST 2020,1,Tue Feb 20 00:00:00 CST 2024,Wed Feb 28 00:00:00 CST 2024
25,user_24,4990884715@qq.com,844148,2000-03-25,1,山东省荷泽市市辖区,10913226820,4990884715@qq.com,avatar/24.img,0,Thu Aug 20 00:00:00 CST 2020,0,Tue Feb 20 00:00:00 CST 2024,Wed Feb 28 00:00:00 CST 2024
26,user_25,12924017510,463796,1924-08-28,1,四川省南充市营山县,12924017510,6622686215@163.com,avatar/25.img,0,Thu Aug 20 00:00:00 CST 2020,1,Tue Feb 20 00:00:00 CST 2024,Wed Feb 28 00:00:00 CST 2024
27,user_26,2532886953@163.com,846305,1917-09-13,1,四川省泸州市泸　县,18347951184,2532886953@163.com,avatar/26.img,0,Thu Aug 20 00:00:00 CST 2020,0,Tue Feb 20 00:00:00 CST 2024,Wed Feb 28 00:00:00 CST 2024
28,user_27,2412963387@qq.com,147406,1951-09-09,1,河北省张家口市怀安县,12956302029,2412963387@qq.com,avatar/27.img,1,Thu Aug 20 00:00:00 CST 2020,0,Tue Feb 20 00:00:00 CST 2024,Wed Feb 28 00:00:00 CST 2024
29,user_28,10738948647,806453,1966-11-27,0,山东省临沂市平邑县,10738948647,4641360773@gmail.com,avatar/28.img,0,Thu Aug 20 00:00:00 CST 2020,0,Tue Feb 20 00:00:00 CST 2024,Wed Feb 28 00:00:00 CST 2024
30,user_29,5912383031@gmail.com,668934,1982-10-05,0,台湾省,14540011068,5912383031@gmail.com,avatar/29.img,0,Thu Aug 20 00:00:00 CST 2020,0,Tue Feb 20 00:00:00 CST 2024,Wed Feb 28 00:00:00 CST 2024
31,user_30,11485043885,360778,1933-09-16,1,辽宁省盘锦市大洼县,11485043885,9326091423@gmail.com,avatar/30.img,1,Thu Aug 20 00:00:00 CST 2020,1,Tue Feb 20 00:00:00 CST 2024,Wed Feb 28 00:00:00 CST 2024
32,user_31,18938188395,105491,1978-07-21,0,安徽省蚌埠市禹会区,18938188395,7511270835@gmail.com,avatar/31.img,0,Thu Aug 20 00:00:00 CST 2020,0,Tue Feb 20 00:00:00 CST 2024,Wed Feb 28 00:00:00 CST 2024
33,user_32,11225943782,758515,1983-11-02,0,台湾省,11225943782,9666124167@qq.com,avatar/32.img,1,Thu Aug 20 00:00:00 CST 2020,0,Tue Feb 20 00:00:00 CST 2024,Wed Feb 28 00:00:00 CST 2024
34,user_33,1520743619@gmail.com,944267,1967-01-13,0,山西省晋城市阳城县,17517386465,1520743619@gmail.com,avatar/33.img,0,Thu Aug 20 00:00:00 CST 2020,0,Tue Feb 20 00:00:00 CST 2024,Wed Feb 28 00:00:00 CST 2024
35,user_34,7306666405@163.com,866142,1957-03-24,0,云南省曲靖市会泽县,15853671025,7306666405@163.com,avatar/34.img,1,Thu Aug 20 00:00:00 CST 2020,1,Tue Feb 20 00:00:00 CST 2024,Wed Feb 28 00:00:00 CST 2024
36,user_35,11109373798,517676,1971-04-07,0,河北省石家庄市藁城市,11109373798,1909674698@163.com,avatar/35.img,0,Thu Aug 20 00:00:00 CST 2020,1,Tue Feb 20 00:00:00 CST 2024,Wed Feb 28 00:00:00 CST 2024
37,user_36,4166764819@163.com,618997,1989-04-26,1,湖南省衡阳市衡阳县,10199100291,4166764819@163.com,avatar/36.img,0,Thu Aug 20 00:00:00 CST 2020,1,Tue Feb 20 00:00:00 CST 2024,Wed Feb 28 00:00:00 CST 2024
38,user_37,3526699329@qq.com,108935,1947-06-22,1,四川省凉山彝族自治州金阳县,17463021069,3526699329@qq.com,avatar/37.img,1,Thu Aug 20 00:00:00 CST 2020,0,Tue Feb 20 00:00:00 CST 2024,Wed Feb 28 00:00:00 CST 2024
39,user_38,5524811924@163.com,599474,1953-07-30,0,湖南省益阳市资阳区,15500161229,5524811924@163.com,avatar/38.img,0,Thu Aug 20 00:00:00 CST 2020,0,Tue Feb 20 00:00:00 CST 2024,Wed Feb 28 00:00:00 CST 2024
40,user_39,11239686507,842908,1946-04-02,1,甘肃省武威市市辖区,11239686507,3511771845@gmail.com,avatar/39.img,1,Thu Aug 20 00:00:00 CST 2020,0,Tue Feb 20 00:00:00 CST 2024,Wed Feb 28 00:00:00 CST 2024
41,user_40,11380709474,879944,1965-05-02,1,江苏省镇江市市辖区,11380709474,4834889564@qq.com,avatar/40.img,0,Thu Aug 20 00:00:00 CST 2020,0,Tue Feb 20 00:00:00 CST 2024,Wed Feb 28 00:00:00 CST 2024
42,user_41,16625514753,561392,1976-04-27,0,黑龙江省哈尔滨市动力区,16625514753,5200055281@gmail.com,avatar/41.img,1,Thu Aug 20 00:00:00 CST 2020,1,Tue Feb 20 00:00:00 CST 2024,Wed Feb 28 00:00:00 CST 2024
43,user_42,15351467325,641648,1949-09-04,1,福建省宁德市福鼎市,15351467325,5282304772@163.com,avatar/42.img,0,Thu Aug 20 00:00:00 CST 2020,1,Tue Feb 20 00:00:00 CST 2024,Wed Feb 28 00:00:00 CST 2024
44,user_43,3927553577@qq.com,388020,1970-06-28,0,台湾省,16988997882,3927553577@qq.com,avatar/43.img,1,Thu Aug 20 00:00:00 CST 2020,1,Tue Feb 20 00:00:00 CST 2024,Wed Feb 28 00:00:00 CST 2024
45,user_44,11369743847,946809,1958-08-05,1,河南省漯河市郾城区,11369743847,3137210389@qq.com,avatar/44.img,1,Thu Aug 20 00:00:00 CST 2020,1,Tue Feb 20 00:00:00 CST 2024,Wed Feb 28 00:00:00 CST 2024
46,user_45,11792088016,317752,1926-02-14,1,江苏省宿迁市宿城区,11792088016,7947748737@163.com,avatar/45.img,0,Thu Aug 20 00:00:00 CST 2020,1,Tue Feb 20 00:00:00 CST 2024,Wed Feb 28 00:00:00 CST 2024
47,user_46,16122695130,920993,2017-09-03,1,辽宁省大连市庄河市,16122695130,1233098309@163.com,avatar/46.img,1,Thu Aug 20 00:00:00 CST 2020,1,Tue Feb 20 00:00:00 CST 2024,Wed Feb 28 00:00:00 CST 2024
48,user_47,11872547978,841132,1942-09-07,0,辽宁省阜新市清河门区,11872547978,7916953135@gmail.com,avatar/47.img,0,Thu Aug 20 00:00:00 CST 2020,1,Tue Feb 20 00:00:00 CST 2024,Wed Feb 28 00:00:00 CST 2024
49,user_48,7122222147@qq.com,691440,1935-11-01,1,四川省宜宾市高　县,14587675247,7122222147@qq.com,avatar/48.img,1,Thu Aug 20 00:00:00 CST 2020,0,Tue Feb 20 00:00:00 CST 2024,Wed Feb 28 00:00:00 CST 2024
50,user_49,7797863727@qq.com,250350,1922-08-26,0,香港特别行政区,11870900232,7797863727@qq.com,avatar/49.img,1,Thu Aug 20 00:00:00 CST 2020,1,Tue Feb 20 00:00:00 CST 2024,Wed Feb 28 00:00:00 CST 2024
51,user_50,8535937113@163.com,185212,1979-03-11,0,北京市县密云县,10905691879,8535937113@163.com,avatar/50.img,0,Thu Aug 20 00:00:00 CST 2020,0,Tue Feb 20 00:00:00 CST 2024,Wed Feb 28 00:00:00 CST 2024
52,user_51,2260668331@163.com,649703,2005-01-11,0,北京市市辖区石景山区,19796312099,2260668331@163.com,avatar/51.img,0,Thu Aug 20 00:00:00 CST 2020,1,Tue Feb 20 00:00:00 CST 2024,Wed Feb 28 00:00:00 CST 2024
53,user_52,18447023806,551550,1960-06-17,1,台湾省,18447023806,5200201214@qq.com,avatar/52.img,0,Thu Aug 20 00:00:00 CST 2020,0,Tue Feb 20 00:00:00 CST 2024,Wed Feb 28 00:00:00 CST 2024
54,user_53,17616268291,460816,2010-11-19,1,浙江省衢州市常山县,17616268291,4491875258@gmail.com,avatar/53.img,1,Thu Aug 20 00:00:00 CST 2020,1,Tue Feb 20 00:00:00 CST 2024,Wed Feb 28 00:00:00 CST 2024
55,user_54,9608131922@gmail.com,128883,1922-07-22,0,宁夏回族自治区固原市隆德县,15241079819,9608131922@gmail.com,avatar/54.img,1,Thu Aug 20 00:00:00 CST 2020,1,Tue Feb 20 00:00:00 CST 2024,Wed Feb 28 00:00:00 CST 2024
56,user_55,10581754451,292579,1918-02-18,0,新疆维吾尔自治区克拉玛依市乌尔禾区,10581754451,2658799247@163.com,avatar/55.img,1,Thu Aug 20 00:00:00 CST 2020,1,Tue Feb 20 00:00:00 CST 2024,Wed Feb 28 00:00:00 CST 2024
57,user_56,18427307750,57743,2011-01-03,1,广西壮族自治区钦州市钦北区,18427307750,8745889326@gmail.com,avatar/56.img,1,Thu Aug 20 00:00:00 CST 2020,1,Tue Feb 20 00:00:00 CST 2024,Wed Feb 28 00:00:00 CST 2024
58,user_57,2775924426@qq.com,64148,1937-02-06,0,安徽省池州市东至县,19131666249,2775924426@qq.com,avatar/57.img,0,Thu Aug 20 00:00:00 CST 2020,1,Tue Feb 20 00:00:00 CST 2024,Wed Feb 28 00:00:00 CST 2024
59,user_58,11291107445,234820,2012-02-17,1,福建省漳州市东山县,11291107445,7411588716@163.com,avatar/58.img,0,Thu Aug 20 00:00:00 CST 2020,0,Tue Feb 20 00:00:00 CST 2024,Wed Feb 28 00:00:00 CST 2024
60,user_59,1112901289@gmail.com,278398,1906-02-14,1,澳门特别行政区,10640492613,1112901289@gmail.com,avatar/59.img,1,Thu Aug 20 00:00:00 CST 2020,0,Tue Feb 20 00:00:00 CST 2024,Wed Feb 28 00:00:00 CST 2024
61,user_60,2854932009@163.com,964137,1953-03-18,0,新疆维吾尔自治区巴音郭楞蒙古自治州和静县,12056137192,2854932009@163.com,avatar/60.img,1,Thu Aug 20 00:00:00 CST 2020,0,Tue Feb 20 00:00:00 CST 2024,Wed Feb 28 00:00:00 CST 2024
62,user_61,7715937807@163.com,687594,1929-07-08,1,甘肃省白银市平川区,16503795683,7715937807@163.com,avatar/61.img,0,Thu Aug 20 00:00:00 CST 2020,0,Tue Feb 20 00:00:00 CST 2024,Wed Feb 28 00:00:00 CST 2024
63,user_62,19968075654,644390,1922-08-11,0,青海省海北藏族自治州门源回族自治县,19968075654,4057818447@163.com,avatar/62.img,0,Thu Aug 20 00:00:00 CST 2020,1,Tue Feb 20 00:00:00 CST 2024,Wed Feb 28 00:00:00 CST 2024
64,user_63,1912067840@163.com,860762,2007-10-10,1,湖南省永州市道　县,10990500417,1912067840@163.com,avatar/63.img,1,Thu Aug 20 00:00:00 CST 2020,0,Tue Feb 20 00:00:00 CST 2024,Wed Feb 28 00:00:00 CST 2024
65,user_64,2831398471@qq.com,665731,1912-02-21,1,甘肃省酒泉市肃州区,17643369452,2831398471@qq.com,avatar/64.img,1,Thu Aug 20 00:00:00 CST 2020,0,Tue Feb 20 00:00:00 CST 2024,Wed Feb 28 00:00:00 CST 2024
66,user_65,13519691237,172747,1952-10-23,1,河北省秦皇岛市北戴河区,13519691237,2872373143@gmail.com,avatar/65.img,0,Thu Aug 20 00:00:00 CST 2020,1,Tue Feb 20 00:00:00 CST 2024,Wed Feb 28 00:00:00 CST 2024
67,user_66,9640967309@163.com,162431,2009-01-18,1,山东省临沂市蒙阴县,17421674882,9640967309@163.com,avatar/66.img,0,Thu Aug 20 00:00:00 CST 2020,1,Tue Feb 20 00:00:00 CST 2024,Wed Feb 28 00:00:00 CST 2024
68,user_67,10971306391,770401,1974-09-15,1,广西壮族自治区钦州市钦北区,10971306391,1536677314@qq.com,avatar/67.img,1,Thu Aug 20 00:00:00 CST 2020,1,Tue Feb 20 00:00:00 CST 2024,Wed Feb 28 00:00:00 CST 2024
69,user_68,14512051140,383550,1932-02-12,1,海南省海口市秀英区,14512051140,8811870890@qq.com,avatar/68.img,1,Thu Aug 20 00:00:00 CST 2020,1,Tue Feb 20 00:00:00 CST 2024,Wed Feb 28 00:00:00 CST 2024
70,user_69,14278973454,560444,1960-03-29,1,湖北省省直辖行政单位神农架林区,14278973454,4591281412@qq.com,avatar/69.img,0,Thu Aug 20 00:00:00 CST 2020,1,Tue Feb 20 00:00:00 CST 2024,Wed Feb 28 00:00:00 CST 2024
71,user_70,5312007085@qq.com,68420,1922-09-01,0,福建省泉州市安溪县,18179959376,5312007085@qq.com,avatar/70.img,1,Thu Aug 20 00:00:00 CST 2020,0,Tue Feb 20 00:00:00 CST 2024,Wed Feb 28 00:00:00 CST 2024
72,user_71,19111103688,560928,1924-01-05,0,黑龙江省佳木斯市桦川县,19111103688,1363198791@qq.com,avatar/71.img,1,Thu Aug 20 00:00:00 CST 2020,0,Tue Feb 20 00:00:00 CST 2024,Wed Feb 28 00:00:00 CST 2024
73,user_72,1160784203@163.com,73823,1935-01-26,0,山东省临沂市平邑县,11728603357,1160784203@163.com,avatar/72.img,1,Thu Aug 20 00:00:00 CST 2020,1,Tue Feb 20 00:00:00 CST 2024,Wed Feb 28 00:00:00 CST 2024
74,user_73,10755758916,317131,2011-05-13,0,西藏自治区山南地区措美县,10755758916,3868658672@163.com,avatar/73.img,1,Thu Aug 20 00:00:00 CST 2020,0,Tue Feb 20 00:00:00 CST 2024,Wed Feb 28 00:00:00 CST 2024
75,user_74,12013109371,789577,2012-01-27,0,澳门特别行政区,12013109371,6846908682@qq.com,avatar/74.img,1,Thu Aug 20 00:00:00 CST 2020,0,Tue Feb 20 00:00:00 CST 2024,Wed Feb 28 00:00:00 CST 2024
76,user_75,18966266446,462416,2008-11-26,1,福建省龙岩市漳平市,18966266446,9125274786@qq.com,avatar/75.img,0,Thu Aug 20 00:00:00 CST 2020,0,Tue Feb 20 00:00:00 CST 2024,Wed Feb 28 00:00:00 CST 2024
77,user_76,3676793036@qq.com,7194,2019-05-18,1,福建省南平市建瓯市,19107872630,3676793036@qq.com,avatar/76.img,1,Thu Aug 20 00:00:00 CST 2020,0,Tue Feb 20 00:00:00 CST 2024,Wed Feb 28 00:00:00 CST 2024
78,user_77,10000943311,516032,2001-01-11,1,福建省宁德市寿宁县,10000943311,5860541807@qq.com,avatar/77.img,0,Thu Aug 20 00:00:00 CST 2020,0,Tue Feb 20 00:00:00 CST 2024,Wed Feb 28 00:00:00 CST 2024
79,user_78,4351397494@163.com,531484,1968-09-11,0,青海省海东地区互助土族自治县,17360920017,4351397494@163.com,avatar/78.img,0,Thu Aug 20 00:00:00 CST 2020,1,Tue Feb 20 00:00:00 CST 2024,Wed Feb 28 00:00:00 CST 2024
80,user_79,4994392538@gmail.com,644016,1964-04-02,0,北京市市辖区海淀区,18241226975,4994392538@gmail.com,avatar/79.img,1,Thu Aug 20 00:00:00 CST 2020,0,Tue Feb 20 00:00:00 CST 2024,Wed Feb 28 00:00:00 CST 2024
81,user_80,2155463161@163.com,451400,1935-08-11,1,湖南省邵阳市邵东县,10201626066,2155463161@163.com,avatar/80.img,0,Thu Aug 20 00:00:00 CST 2020,0,Tue Feb 20 00:00:00 CST 2024,Wed Feb 28 00:00:00 CST 2024
82,user_81,5582109692@163.com,681717,1984-10-01,1,四川省绵阳市三台县,16229636196,5582109692@163.com,avatar/81.img,1,Thu Aug 20 00:00:00 CST 2020,0,Tue Feb 20 00:00:00 CST 2024,Wed Feb 28 00:00:00 CST 2024
83,user_82,15922451834,59726,1946-09-07,1,西藏自治区拉萨市达孜县,15922451834,6613587285@qq.com,avatar/82.img,0,Thu Aug 20 00:00:00 CST 2020,0,Tue Feb 20 00:00:00 CST 2024,Wed Feb 28 00:00:00 CST 2024
84,user_83,9796217077@163.com,398372,1987-06-21,1,湖南省张家界市永定区,12701680610,9796217077@163.com,avatar/83.img,1,Thu Aug 20 00:00:00 CST 2020,0,Tue Feb 20 00:00:00 CST 2024,Wed Feb 28 00:00:00 CST 2024
85,user_84,3122207453@163.com,554521,1930-08-29,1,内蒙古自治区鄂尔多斯市鄂托克前旗,19611595162,3122207453@163.com,avatar/84.img,0,Thu Aug 20 00:00:00 CST 2020,1,Tue Feb 20 00:00:00 CST 2024,Wed Feb 28 00:00:00 CST 2024
86,user_85,14146321243,768822,1936-01-05,1,浙江省嘉兴市海盐县,14146321243,5884878110@gmail.com,avatar/85.img,0,Thu Aug 20 00:00:00 CST 2020,0,Tue Feb 20 00:00:00 CST 2024,Wed Feb 28 00:00:00 CST 2024
87,user_86,1456046043@163.com,807169,1986-03-17,1,陕西省汉中市佛坪县,16673002605,1456046043@163.com,avatar/86.img,1,Thu Aug 20 00:00:00 CST 2020,1,Tue Feb 20 00:00:00 CST 2024,Wed Feb 28 00:00:00 CST 2024
88,user_87,15064486701,829089,1993-03-14,0,山西省吕梁市岚　县,15064486701,3082353973@gmail.com,avatar/87.img,1,Thu Aug 20 00:00:00 CST 2020,1,Tue Feb 20 00:00:00 CST 2024,Wed Feb 28 00:00:00 CST 2024
89,user_88,5913156126@163.com,83170,1985-06-11,1,浙江省杭州市滨江区,11423104151,5913156126@163.com,avatar/88.img,0,Thu Aug 20 00:00:00 CST 2020,0,Tue Feb 20 00:00:00 CST 2024,Wed Feb 28 00:00:00 CST 2024
90,user_89,14485436767,429466,1920-11-19,0,山东省青岛市平度市,14485436767,6347891438@qq.com,avatar/89.img,0,Thu Aug 20 00:00:00 CST 2020,1,Tue Feb 20 00:00:00 CST 2024,Wed Feb 28 00:00:00 CST 2024
91,user_90,5320116538@qq.com,761450,1920-10-08,1,吉林省吉林市昌邑区,19026903086,5320116538@qq.com,avatar/90.img,0,Thu Aug 20 00:00:00 CST 2020,1,Tue Feb 20 00:00:00 CST 2024,Wed Feb 28 00:00:00 CST 2024
92,user_91,16054536223,889957,1991-02-13,0,陕西省延安市市辖区,16054536223,6939658051@qq.com,avatar/91.img,0,Thu Aug 20 00:00:00 CST 2020,0,Tue Feb 20 00:00:00 CST 2024,Wed Feb 28 00:00:00 CST 2024
93,user_92,13813113261,586952,1988-01-10,1,湖南省娄底市冷水江市,13813113261,5308944374@163.com,avatar/92.img,0,Thu Aug 20 00:00:00 CST 2020,1,Tue Feb 20 00:00:00 CST 2024,Wed Feb 28 00:00:00 CST 2024
94,user_93,17144304890,630799,1953-05-03,1,澳门特别行政区,17144304890,6087187981@qq.com,avatar/93.img,0,Thu Aug 20 00:00:00 CST 2020,1,Tue Feb 20 00:00:00 CST 2024,Wed Feb 28 00:00:00 CST 2024
95,user_94,10264207825,143864,1904-08-14,1,西藏自治区阿里地区札达县,10264207825,4390919030@163.com,avatar/94.img,1,Thu Aug 20 00:00:00 CST 2020,1,Tue Feb 20 00:00:00 CST 2024,Wed Feb 28 00:00:00 CST 2024
96,user_95,10869844763,430115,1969-03-08,1,宁夏回族自治区银川市金凤区,10869844763,3218907736@gmail.com,avatar/95.img,1,Thu Aug 20 00:00:00 CST 2020,1,Tue Feb 20 00:00:00 CST 2024,Wed Feb 28 00:00:00 CST 2024
97,user_96,15176550748,757739,2011-07-14,0,澳门特别行政区,15176550748,6998320625@qq.com,avatar/96.img,0,Thu Aug 20 00:00:00 CST 2020,1,Tue Feb 20 00:00:00 CST 2024,Wed Feb 28 00:00:00 CST 2024
98,user_97,4712377926@gmail.com,109441,2013-10-23,0,海南省海口市市辖区,13753120495,4712377926@gmail.com,avatar/97.img,0,Thu Aug 20 00:00:00 CST 2020,1,Tue Feb 20 00:00:00 CST 2024,Wed Feb 28 00:00:00 CST 2024
99,user_98,18720064256,951811,1973-07-08,0,浙江省绍兴市越城区,18720064256,7669085504@163.com,avatar/98.img,1,Thu Aug 20 00:00:00 CST 2020,1,Tue Feb 20 00:00:00 CST 2024,Wed Feb 28 00:00:00 CST 2024
100,user_99,8973535317@qq.com,726013,1920-05-01,1,青海省果洛藏族自治州甘德县,17564626359,8973535317@qq.com,avatar/99.img,0,Thu Aug 20 00:00:00 CST 2020,1,Tue Feb 20 00:00:00 CST 2024,Wed Feb 28 00:00:00 CST 2024